CREATE DATABASE  IF NOT EXISTS `mysite` /*!40100 DEFAULT CHARACTER SET utf8mb3 COLLATE utf8mb3_general_ci */;
USE `mysite`;
/*M!999999\- enable the sandbox mode */ 
-- MariaDB dump 10.19  Distrib 10.11.9-MariaDB, for debian-linux-gnu (x86_64)
--
-- Host: 127.0.0.1    Database: mysite
-- ------------------------------------------------------
-- Server version	10.11.9-MariaDB-ubu2404

/*!40101 SET @OLD_CHARACTER_SET_CLIENT=@@CHARACTER_SET_CLIENT */;
/*!40101 SET @OLD_CHARACTER_SET_RESULTS=@@CHARACTER_SET_RESULTS */;
/*!40101 SET @OLD_COLLATION_CONNECTION=@@COLLATION_CONNECTION */;
/*!40101 SET NAMES utf8 */;
/*!40103 SET @OLD_TIME_ZONE=@@TIME_ZONE */;
/*!40103 SET TIME_ZONE='+00:00' */;
/*!40014 SET @OLD_UNIQUE_CHECKS=@@UNIQUE_CHECKS, UNIQUE_CHECKS=0 */;
/*!40014 SET @OLD_FOREIGN_KEY_CHECKS=@@FOREIGN_KEY_CHECKS, FOREIGN_KEY_CHECKS=0 */;
/*!40101 SET @OLD_SQL_MODE=@@SQL_MODE, SQL_MODE='NO_AUTO_VALUE_ON_ZERO' */;
/*!40111 SET @OLD_SQL_NOTES=@@SQL_NOTES, SQL_NOTES=0 */;

--
-- Table structure for table `auth_group`
--

DROP TABLE IF EXISTS `auth_group`;
/*!40101 SET @saved_cs_client     = @@character_set_client */;
/*!40101 SET character_set_client = utf8 */;
CREATE TABLE `auth_group` (
  `id` int(11) NOT NULL AUTO_INCREMENT,
  `name` varchar(150) NOT NULL,
  PRIMARY KEY (`id`),
  UNIQUE KEY `name` (`name`)
) ENGINE=InnoDB DEFAULT CHARSET=utf8mb3 COLLATE=utf8mb3_general_ci;
/*!40101 SET character_set_client = @saved_cs_client */;

--
-- Dumping data for table `auth_group`
--

LOCK TABLES `auth_group` WRITE;
/*!40000 ALTER TABLE `auth_group` DISABLE KEYS */;
/*!40000 ALTER TABLE `auth_group` ENABLE KEYS */;
UNLOCK TABLES;

--
-- Table structure for table `auth_group_permissions`
--

DROP TABLE IF EXISTS `auth_group_permissions`;
/*!40101 SET @saved_cs_client     = @@character_set_client */;
/*!40101 SET character_set_client = utf8 */;
CREATE TABLE `auth_group_permissions` (
  `id` bigint(20) NOT NULL AUTO_INCREMENT,
  `group_id` int(11) NOT NULL,
  `permission_id` int(11) NOT NULL,
  PRIMARY KEY (`id`),
  UNIQUE KEY `auth_group_permissions_group_id_permission_id_0cd325b0_uniq` (`group_id`,`permission_id`),
  KEY `auth_group_permissio_permission_id_84c5c92e_fk_auth_perm` (`permission_id`),
  CONSTRAINT `auth_group_permissio_permission_id_84c5c92e_fk_auth_perm` FOREIGN KEY (`permission_id`) REFERENCES `auth_permission` (`id`),
  CONSTRAINT `auth_group_permissions_group_id_b120cbf9_fk_auth_group_id` FOREIGN KEY (`group_id`) REFERENCES `auth_group` (`id`)
) ENGINE=InnoDB DEFAULT CHARSET=utf8mb3 COLLATE=utf8mb3_general_ci;
/*!40101 SET character_set_client = @saved_cs_client */;

--
-- Dumping data for table `auth_group_permissions`
--

LOCK TABLES `auth_group_permissions` WRITE;
/*!40000 ALTER TABLE `auth_group_permissions` DISABLE KEYS */;
/*!40000 ALTER TABLE `auth_group_permissions` ENABLE KEYS */;
UNLOCK TABLES;

--
-- Table structure for table `auth_permission`
--

DROP TABLE IF EXISTS `auth_permission`;
/*!40101 SET @saved_cs_client     = @@character_set_client */;
/*!40101 SET character_set_client = utf8 */;
CREATE TABLE `auth_permission` (
  `id` int(11) NOT NULL AUTO_INCREMENT,
  `name` varchar(255) NOT NULL,
  `content_type_id` int(11) NOT NULL,
  `codename` varchar(100) NOT NULL,
  PRIMARY KEY (`id`),
  UNIQUE KEY `auth_permission_content_type_id_codename_01ab375a_uniq` (`content_type_id`,`codename`),
  CONSTRAINT `auth_permission_content_type_id_2f476e4b_fk_django_co` FOREIGN KEY (`content_type_id`) REFERENCES `django_content_type` (`id`)
) ENGINE=InnoDB AUTO_INCREMENT=33 DEFAULT CHARSET=utf8mb3 COLLATE=utf8mb3_general_ci;
/*!40101 SET character_set_client = @saved_cs_client */;

--
-- Dumping data for table `auth_permission`
--

LOCK TABLES `auth_permission` WRITE;
/*!40000 ALTER TABLE `auth_permission` DISABLE KEYS */;
INSERT INTO `auth_permission` VALUES
(1,'Can add log entry',1,'add_logentry'),
(2,'Can change log entry',1,'change_logentry'),
(3,'Can delete log entry',1,'delete_logentry'),
(4,'Can view log entry',1,'view_logentry'),
(5,'Can add permission',2,'add_permission'),
(6,'Can change permission',2,'change_permission'),
(7,'Can delete permission',2,'delete_permission'),
(8,'Can view permission',2,'view_permission'),
(9,'Can add group',3,'add_group'),
(10,'Can change group',3,'change_group'),
(11,'Can delete group',3,'delete_group'),
(12,'Can view group',3,'view_group'),
(13,'Can add user',4,'add_user'),
(14,'Can change user',4,'change_user'),
(15,'Can delete user',4,'delete_user'),
(16,'Can view user',4,'view_user'),
(17,'Can add content type',5,'add_contenttype'),
(18,'Can change content type',5,'change_contenttype'),
(19,'Can delete content type',5,'delete_contenttype'),
(20,'Can view content type',5,'view_contenttype'),
(21,'Can add session',6,'add_session'),
(22,'Can change session',6,'change_session'),
(23,'Can delete session',6,'delete_session'),
(24,'Can view session',6,'view_session'),
(25,'Can add choice',7,'add_choice'),
(26,'Can change choice',7,'change_choice'),
(27,'Can delete choice',7,'delete_choice'),
(28,'Can view choice',7,'view_choice'),
(29,'Can add question',8,'add_question'),
(30,'Can change question',8,'change_question'),
(31,'Can delete question',8,'delete_question'),
(32,'Can view question',8,'view_question');
/*!40000 ALTER TABLE `auth_permission` ENABLE KEYS */;
UNLOCK TABLES;

--
-- Table structure for table `auth_user`
--

DROP TABLE IF EXISTS `auth_user`;
/*!40101 SET @saved_cs_client     = @@character_set_client */;
/*!40101 SET character_set_client = utf8 */;
CREATE TABLE `auth_user` (
  `id` int(11) NOT NULL AUTO_INCREMENT,
  `password` varchar(128) NOT NULL,
  `last_login` datetime(6) DEFAULT NULL,
  `is_superuser` tinyint(1) NOT NULL,
  `username` varchar(150) NOT NULL,
  `first_name` varchar(150) NOT NULL,
  `last_name` varchar(150) NOT NULL,
  `email` varchar(254) NOT NULL,
  `is_staff` tinyint(1) NOT NULL,
  `is_active` tinyint(1) NOT NULL,
  `date_joined` datetime(6) NOT NULL,
  PRIMARY KEY (`id`),
  UNIQUE KEY `username` (`username`)
) ENGINE=InnoDB AUTO_INCREMENT=2 DEFAULT CHARSET=utf8mb3 COLLATE=utf8mb3_general_ci;
/*!40101 SET character_set_client = @saved_cs_client */;

--
-- Dumping data for table `auth_user`
--

LOCK TABLES `auth_user` WRITE;
/*!40000 ALTER TABLE `auth_user` DISABLE KEYS */;
INSERT INTO `auth_user` VALUES
(1,'pbkdf2_sha256$870000$mQUfaat4eA2E9trNmQ1s1A$5hbi4MasMp4O3d+Tx996gwv9gl6BF1c46BrusuwWAxM=','2024-09-06 13:19:29.546548',1,'admin','','','admin@example.com',1,1,'2024-09-06 13:18:56.745510');
/*!40000 ALTER TABLE `auth_user` ENABLE KEYS */;
UNLOCK TABLES;

--
-- Table structure for table `auth_user_groups`
--

DROP TABLE IF EXISTS `auth_user_groups`;
/*!40101 SET @saved_cs_client     = @@character_set_client */;
/*!40101 SET character_set_client = utf8 */;
CREATE TABLE `auth_user_groups` (
  `id` bigint(20) NOT NULL AUTO_INCREMENT,
  `user_id` int(11) NOT NULL,
  `group_id` int(11) NOT NULL,
  PRIMARY KEY (`id`),
  UNIQUE KEY `auth_user_groups_user_id_group_id_94350c0c_uniq` (`user_id`,`group_id`),
  KEY `auth_user_groups_group_id_97559544_fk_auth_group_id` (`group_id`),
  CONSTRAINT `auth_user_groups_group_id_97559544_fk_auth_group_id` FOREIGN KEY (`group_id`) REFERENCES `auth_group` (`id`),
  CONSTRAINT `auth_user_groups_user_id_6a12ed8b_fk_auth_user_id` FOREIGN KEY (`user_id`) REFERENCES `auth_user` (`id`)
) ENGINE=InnoDB DEFAULT CHARSET=utf8mb3 COLLATE=utf8mb3_general_ci;
/*!40101 SET character_set_client = @saved_cs_client */;

--
-- Dumping data for table `auth_user_groups`
--

LOCK TABLES `auth_user_groups` WRITE;
/*!40000 ALTER TABLE `auth_user_groups` DISABLE KEYS */;
/*!40000 ALTER TABLE `auth_user_groups` ENABLE KEYS */;
UNLOCK TABLES;

--
-- Table structure for table `auth_user_user_permissions`
--

DROP TABLE IF EXISTS `auth_user_user_permissions`;
/*!40101 SET @saved_cs_client     = @@character_set_client */;
/*!40101 SET character_set_client = utf8 */;
CREATE TABLE `auth_user_user_permissions` (
  `id` bigint(20) NOT NULL AUTO_INCREMENT,
  `user_id` int(11) NOT NULL,
  `permission_id` int(11) NOT NULL,
  PRIMARY KEY (`id`),
  UNIQUE KEY `auth_user_user_permissions_user_id_permission_id_14a6b632_uniq` (`user_id`,`permission_id`),
  KEY `auth_user_user_permi_permission_id_1fbb5f2c_fk_auth_perm` (`permission_id`),
  CONSTRAINT `auth_user_user_permi_permission_id_1fbb5f2c_fk_auth_perm` FOREIGN KEY (`permission_id`) REFERENCES `auth_permission` (`id`),
  CONSTRAINT `auth_user_user_permissions_user_id_a95ead1b_fk_auth_user_id` FOREIGN KEY (`user_id`) REFERENCES `auth_user` (`id`)
) ENGINE=InnoDB DEFAULT CHARSET=utf8mb3 COLLATE=utf8mb3_general_ci;
/*!40101 SET character_set_client = @saved_cs_client */;

--
-- Dumping data for table `auth_user_user_permissions`
--

LOCK TABLES `auth_user_user_permissions` WRITE;
/*!40000 ALTER TABLE `auth_user_user_permissions` DISABLE KEYS */;
/*!40000 ALTER TABLE `auth_user_user_permissions` ENABLE KEYS */;
UNLOCK TABLES;

--
-- Table structure for table `django_admin_log`
--

DROP TABLE IF EXISTS `django_admin_log`;
/*!40101 SET @saved_cs_client     = @@character_set_client */;
/*!40101 SET character_set_client = utf8 */;
CREATE TABLE `django_admin_log` (
  `id` int(11) NOT NULL AUTO_INCREMENT,
  `action_time` datetime(6) NOT NULL,
  `object_id` longtext DEFAULT NULL,
  `object_repr` varchar(200) NOT NULL,
  `action_flag` smallint(5) unsigned NOT NULL CHECK (`action_flag` >= 0),
  `change_message` longtext NOT NULL,
  `content_type_id` int(11) DEFAULT NULL,
  `user_id` int(11) NOT NULL,
  PRIMARY KEY (`id`),
  KEY `django_admin_log_content_type_id_c4bce8eb_fk_django_co` (`content_type_id`),
  KEY `django_admin_log_user_id_c564eba6_fk_auth_user_id` (`user_id`),
  CONSTRAINT `django_admin_log_content_type_id_c4bce8eb_fk_django_co` FOREIGN KEY (`content_type_id`) REFERENCES `django_content_type` (`id`),
  CONSTRAINT `django_admin_log_user_id_c564eba6_fk_auth_user_id` FOREIGN KEY (`user_id`) REFERENCES `auth_user` (`id`)
) ENGINE=InnoDB AUTO_INCREMENT=10 DEFAULT CHARSET=utf8mb3 COLLATE=utf8mb3_general_ci;
/*!40101 SET character_set_client = @saved_cs_client */;

--
-- Dumping data for table `django_admin_log`
--

LOCK TABLES `django_admin_log` WRITE;
/*!40000 ALTER TABLE `django_admin_log` DISABLE KEYS */;
INSERT INTO `django_admin_log` VALUES
(1,'2024-09-06 13:22:07.558266','1','What\'s up?',2,'[{\"changed\": {\"fields\": [\"Date published\"]}}]',8,1),
(2,'2024-09-06 16:45:32.365692','2','Como vai o dia?',1,'[{\"added\": {}}]',8,1),
(3,'2024-09-06 16:45:47.588682','4','Vai indo',1,'[{\"added\": {}}]',7,1),
(4,'2024-09-06 16:45:54.767603','5','Vai bem',1,'[{\"added\": {}}]',7,1),
(5,'2024-09-07 14:27:11.906743','2','Como vai o dia?',2,'[{\"changed\": {\"fields\": [\"Date published\"]}}]',8,1),
(6,'2024-09-07 14:27:33.929244','2','Como vai o dia?',2,'[{\"changed\": {\"fields\": [\"Date published\"]}}]',8,1),
(7,'2024-09-07 14:27:50.500427','2','Como vai o dia?',2,'[{\"changed\": {\"fields\": [\"Date published\"]}}]',8,1),
(8,'2024-09-07 16:46:27.342769','1','What\'s up?',2,'[{\"changed\": {\"name\": \"choice\", \"object\": \"Not much\", \"fields\": [\"Votes\"]}}, {\"changed\": {\"name\": \"choice\", \"object\": \"The sky\", \"fields\": [\"Votes\"]}}]',8,1),
(9,'2024-09-07 16:52:55.032574','2','Como vai o dia?',2,'[{\"changed\": {\"fields\": [\"Date published\"]}}]',8,1);
/*!40000 ALTER TABLE `django_admin_log` ENABLE KEYS */;
UNLOCK TABLES;

--
-- Table structure for table `django_content_type`
--

DROP TABLE IF EXISTS `django_content_type`;
/*!40101 SET @saved_cs_client     = @@character_set_client */;
/*!40101 SET character_set_client = utf8 */;
CREATE TABLE `django_content_type` (
  `id` int(11) NOT NULL AUTO_INCREMENT,
  `app_label` varchar(100) NOT NULL,
  `model` varchar(100) NOT NULL,
  PRIMARY KEY (`id`),
  UNIQUE KEY `django_content_type_app_label_model_76bd3d3b_uniq` (`app_label`,`model`)
) ENGINE=InnoDB AUTO_INCREMENT=9 DEFAULT CHARSET=utf8mb3 COLLATE=utf8mb3_general_ci;
/*!40101 SET character_set_client = @saved_cs_client */;

--
-- Dumping data for table `django_content_type`
--

LOCK TABLES `django_content_type` WRITE;
/*!40000 ALTER TABLE `django_content_type` DISABLE KEYS */;
INSERT INTO `django_content_type` VALUES
(1,'admin','logentry'),
(3,'auth','group'),
(2,'auth','permission'),
(4,'auth','user'),
(5,'contenttypes','contenttype'),
(7,'polls','choice'),
(8,'polls','question'),
(6,'sessions','session');
/*!40000 ALTER TABLE `django_content_type` ENABLE KEYS */;
UNLOCK TABLES;

--
-- Table structure for table `django_migrations`
--

DROP TABLE IF EXISTS `django_migrations`;
/*!40101 SET @saved_cs_client     = @@character_set_client */;
/*!40101 SET character_set_client = utf8 */;
CREATE TABLE `django_migrations` (
  `id` bigint(20) NOT NULL AUTO_INCREMENT,
  `app` varchar(255) NOT NULL,
  `name` varchar(255) NOT NULL,
  `applied` datetime(6) NOT NULL,
  PRIMARY KEY (`id`)
) ENGINE=InnoDB AUTO_INCREMENT=20 DEFAULT CHARSET=utf8mb3 COLLATE=utf8mb3_general_ci;
/*!40101 SET character_set_client = @saved_cs_client */;

--
-- Dumping data for table `django_migrations`
--

LOCK TABLES `django_migrations` WRITE;
/*!40000 ALTER TABLE `django_migrations` DISABLE KEYS */;
INSERT INTO `django_migrations` VALUES
(1,'contenttypes','0001_initial','2024-09-06 12:16:25.468911'),
(2,'auth','0001_initial','2024-09-06 12:16:25.682907'),
(3,'admin','0001_initial','2024-09-06 12:16:25.732011'),
(4,'admin','0002_logentry_remove_auto_add','2024-09-06 12:16:25.742424'),
(5,'admin','0003_logentry_add_action_flag_choices','2024-09-06 12:16:25.752733'),
(6,'contenttypes','0002_remove_content_type_name','2024-09-06 12:16:25.798192'),
(7,'auth','0002_alter_permission_name_max_length','2024-09-06 12:16:25.826767'),
(8,'auth','0003_alter_user_email_max_length','2024-09-06 12:16:25.869406'),
(9,'auth','0004_alter_user_username_opts','2024-09-06 12:16:25.874420'),
(10,'auth','0005_alter_user_last_login_null','2024-09-06 12:16:25.892685'),
(11,'auth','0006_require_contenttypes_0002','2024-09-06 12:16:25.893766'),
(12,'auth','0007_alter_validators_add_error_messages','2024-09-06 12:16:25.900218'),
(13,'auth','0008_alter_user_username_max_length','2024-09-06 12:16:25.914684'),
(14,'auth','0009_alter_user_last_name_max_length','2024-09-06 12:16:25.930513'),
(15,'auth','0010_alter_group_name_max_length','2024-09-06 12:16:25.950807'),
(16,'auth','0011_update_proxy_permissions','2024-09-06 12:16:25.957692'),
(17,'auth','0012_alter_user_first_name_max_length','2024-09-06 12:16:25.974820'),
(18,'sessions','0001_initial','2024-09-06 12:16:25.993670'),
(19,'polls','0001_initial','2024-09-06 13:01:20.593630');
/*!40000 ALTER TABLE `django_migrations` ENABLE KEYS */;
UNLOCK TABLES;

--
-- Table structure for table `django_session`
--

DROP TABLE IF EXISTS `django_session`;
/*!40101 SET @saved_cs_client     = @@character_set_client */;
/*!40101 SET character_set_client = utf8 */;
CREATE TABLE `django_session` (
  `session_key` varchar(40) NOT NULL,
  `session_data` longtext NOT NULL,
  `expire_date` datetime(6) NOT NULL,
  PRIMARY KEY (`session_key`),
  KEY `django_session_expire_date_a5c62663` (`expire_date`)
) ENGINE=InnoDB DEFAULT CHARSET=utf8mb3 COLLATE=utf8mb3_general_ci;
/*!40101 SET character_set_client = @saved_cs_client */;

--
-- Dumping data for table `django_session`
--

LOCK TABLES `django_session` WRITE;
/*!40000 ALTER TABLE `django_session` DISABLE KEYS */;
INSERT INTO `django_session` VALUES
('5imlzav6rfyjqwg6qkojeakthay3vsfd','.eJxVjEEOwiAQAP_C2RBXigsevfsGsguLVA0kpT0Z_25IetDrzGTeKtC2lrB1WcKc1EWBOvwypviUOkR6UL03HVtdl5n1SPRuu761JK_r3v4NCvUytuAtOO8IvWGTLQMjOPETSXaRDWIkOZ4tYIbkWSifcnJTxsgiDEZ9vt0-OKQ:1smYs5:3BG9_2Ygm6MzsZ4KPvDn3CFSjLVmPWqYwf1ut6nAskY','2024-09-20 13:19:29.547862');
/*!40000 ALTER TABLE `django_session` ENABLE KEYS */;
UNLOCK TABLES;

--
-- Table structure for table `polls_choice`
--

DROP TABLE IF EXISTS `polls_choice`;
/*!40101 SET @saved_cs_client     = @@character_set_client */;
/*!40101 SET character_set_client = utf8 */;
CREATE TABLE `polls_choice` (
  `id` bigint(20) NOT NULL AUTO_INCREMENT,
  `choice_text` varchar(200) NOT NULL,
  `votes` int(11) NOT NULL,
  `question_id` bigint(20) NOT NULL,
  PRIMARY KEY (`id`),
  KEY `polls_choice_question_id_c5b4b260_fk_polls_question_id` (`question_id`),
  CONSTRAINT `polls_choice_question_id_c5b4b260_fk_polls_question_id` FOREIGN KEY (`question_id`) REFERENCES `polls_question` (`id`)
) ENGINE=InnoDB AUTO_INCREMENT=6 DEFAULT CHARSET=utf8mb3 COLLATE=utf8mb3_general_ci;
/*!40101 SET character_set_client = @saved_cs_client */;

--
-- Dumping data for table `polls_choice`
--

LOCK TABLES `polls_choice` WRITE;
/*!40000 ALTER TABLE `polls_choice` DISABLE KEYS */;
INSERT INTO `polls_choice` VALUES
(1,'Not much',1,1),
(2,'The sky',0,1),
(4,'Vai indo',1,2),
(5,'Vai bem',1,2);
/*!40000 ALTER TABLE `polls_choice` ENABLE KEYS */;
UNLOCK TABLES;

--
-- Table structure for table `polls_question`
--

DROP TABLE IF EXISTS `polls_question`;
/*!40101 SET @saved_cs_client     = @@character_set_client */;
/*!40101 SET character_set_client = utf8 */;
CREATE TABLE `polls_question` (
  `id` bigint(20) NOT NULL AUTO_INCREMENT,
  `question_text` varchar(200) NOT NULL,
  `pub_date` datetime(6) NOT NULL,
  PRIMARY KEY (`id`)
) ENGINE=InnoDB AUTO_INCREMENT=3 DEFAULT CHARSET=utf8mb3 COLLATE=utf8mb3_general_ci;
/*!40101 SET character_set_client = @saved_cs_client */;

--
-- Dumping data for table `polls_question`
--

LOCK TABLES `polls_question` WRITE;
/*!40000 ALTER TABLE `polls_question` DISABLE KEYS */;
INSERT INTO `polls_question` VALUES
(1,'What\'s up?','2024-09-06 13:22:04.000000'),
(2,'Como vai o dia?','2024-09-07 16:45:29.000000');
/*!40000 ALTER TABLE `polls_question` ENABLE KEYS */;
UNLOCK TABLES;
/*!40103 SET TIME_ZONE=@OLD_TIME_ZONE */;

/*!40101 SET SQL_MODE=@OLD_SQL_MODE */;
/*!40014 SET FOREIGN_KEY_CHECKS=@OLD_FOREIGN_KEY_CHECKS */;
/*!40014 SET UNIQUE_CHECKS=@OLD_UNIQUE_CHECKS */;
/*!40101 SET CHARACTER_SET_CLIENT=@OLD_CHARACTER_SET_CLIENT */;
/*!40101 SET CHARACTER_SET_RESULTS=@OLD_CHARACTER_SET_RESULTS */;
/*!40101 SET COLLATION_CONNECTION=@OLD_COLLATION_CONNECTION */;
/*!40111 SET SQL_NOTES=@OLD_SQL_NOTES */;

-- Dump completed on 2024-09-07 15:47:36
